url,title,brand,manufacturer,price,package_size_of_price,price_per_unit,sku,manufacturer_part_no,unspsc_code,color,type,material,plate_configuration,grade,product_weight,overall_height,overall_width,number_of_gangs,unit_of_meassurement,express_available,breadcrumbs,image_url,description,features,applications
https://www.fastenal.com/product/details/0700442,Blank Horizontal Single-Gang Cover,RACO,HUBBELL,2.21,,2.21,0700442,5173-0,39121704,Gray,Wall Plate,Steel,,,0.156,"4.50""","2.75""",1,each,No,"Electrical > Plugs, Receptacles and Connectors > Wall Plates","['https://img4.fastenal.com/infp360pmm/derivates/3/001/270/674/0700442.jpg', 'https://img2.fastenal.com/infp360pmm/derivates/3/001/118/941/0700442_Product2_eng.jpg']",,"Rugged diecast construction,state-of-the-art powder coat finish provides maximum weatherability and scratch-resistance,Includes gasket and mounting hardware,Multi-lingual instructions in each package",For use whenever weatherproof protection is required for a weatherproof box.
https://www.fastenal.com/product/details/0703564,Duplex Horizontal Single-Gang Device Cover,RACO,HUBBELL,1.11,,1.11,0703564,5180-0,39121704,Gray,Wall Plate,Steel,,,0.3833,"2.75""","2.81""",1,each,Yes,"Electrical > Plugs, Receptacles and Connectors > Wall Plates",['https://img0.fastenal.com/infp360pmm/derivates/3/001/348/680/0703564.jpg'],,"Rugged diecast construction,State-of-the-art powder coat finish provides maximum weatherability and scratch-resistance,Self-closing lids assure weatherproof protection when the receptacle is not in use,Includes gasket and mounting hardware,Multi-lingual instructions in each package",For use whenever weatherproof protection is required for an outdoor receptacle.
https://www.fastenal.com/product/details/0703570,GFCI Vertical Mount Single Gang Device Cover,RACO,HUBBELL,13.70,,13.70,0703570,5103-0,39121704,Gray,Wall Plate,Steel,,,0.2458,"4.50""","2.81""",1,each,Yes,"Electrical > Plugs, Receptacles and Connectors > Wall Plates",['https://img2.fastenal.com/infp360pmm/derivates/3/001/342/367/0703570.jpg'],,"Rugged diecast construction,State-of-the-art powder coat finish provides maximum weatherability and scratch-resistance,Self-closing lids assure weatherproof protection when the receptacle is not in use,Includes gasket and mounting hardware,Multi-lingual instructions in each package",For use whenever weatherproof protection is required for an outdoor receptacle.
https://www.fastenal.com/product/details/0745151,302/304SS 1Gang Duplex Receptacle Wall Plate,BRYANT,HUBBELL,4.53,,4.53,0745151,SS8,39121704,Silver,Wall Plate,Stainless Steel,Duplex Receptacle,,0.1,"4.50""","2.87""",1,each,No,"Electrical > Plugs, Receptacles and Connectors > Wall Plates",['https://img3.fastenal.com/infp360pmm/derivates/3/001/102/023/0745151.jpg'],"Hubbell offers a wide variety of configurations, sizes, and finishes in both metal and nylon wall plates for use in industrial, institutional, commercial, and residential applications. We offer finishes in nylon, aluminum, brass, brass plated, chrome, and stainless steel. We have totally redesigned and expanded our line of nylon wall plates featuring larger standard sized wall plates to give extra coverage to hide rough box opening, improved aesthetics, greater strength, impact resistance, along with excellent cleanability in all different types of environments.",Used with Duplex Receptacles,Stainless Steel Wall Plate For Industrial Applications
https://www.fastenal.com/product/details/0778968,White 1 Duplex Receptacles Nylon Wall Plate,BRYANT,HUBBELL,27.75,25,1.11,0778968,P8W,39121704,White,Wall Plate,Nylon,Duplex Receptacle,Industrial / Commercial,0.05,"4.63""","2.88""",1,each,No,"Electrical > Plugs, Receptacles and Connectors > Wall Plates",['https://img0.fastenal.com/infp360pmm/derivates/3/001/766/560/$v2/0778968_primary_eng.jpg'],Nylon wall plates are designed for durability and easy cleaning. Hubbell's standard sized wall plates are 1/8 inch larger to give you that extra coverage to hide rough box openings. The depth is 1/4 inch so that it will comfortably fit over the device even on imperfect installations or on retrofit work.,"Captive screw feature on single-gang versions, hold screws in place for quick installationBlends into wall with an optimum finishSmooth satin finishSharp lines and less dimplingMore RigidHigh-impact, self-extinguishing polycarbonate material",
https://www.fastenal.com/product/details/922570388,1 Gang Ivory Duplex Receptacle Wall Plate,BRYANT,HUBBELL,28.00,25,1.12,922570388,P8I,39121704,Ivory,Wall Plate,Polycarbonate,Duplex Receptacle,Industrial / Commercial / Residential,0.04,"4.63""","2.88""",1,each,No,"Electrical > Plugs, Receptacles and Connectors > Wall Plates",['https://img0.fastenal.com/infp360pmm/derivates/3/001/766/970/$v2/922570388_primary_eng.jpg'],"Hubbell's line of polycarbonate wallplates features larger standard sized wallplates to provide extra coverage to hide rough box opening, improved aesthetics, greater strength, impact resistance, along with easy to clean finish in all different types of environments.Hubbell's standard sized wallplates are ¹⁄8 inch larger to provide you that extra coverage to hide rough box openings. The depth is 1/4 inch so that it will comfortably fit over the device even on imperfect installations or on retrofit work.","Captive screw feature on single-gang versions, hold screws in place for quick installationBlends into wall with an optimum finishSmooth satin finishSharp lines and less dimplingMore RigidHigh-impact, self-extinguishing polycarbonate material","Industrial, Commercial, Institutional, and Residential use;Protection against contact of live terminals and wiring. Provides finished look to installation."
https://www.fastenal.com/product/details/0703565,GFCI Horizontal Single-Gang Device Cover,RACO,HUBBELL,14.96,,14.96,0703565,5101-0,39121704,Gray,Wall Plate,Steel,,,0.3292,"2.75""","2.81""",1,each,No,"Electrical > Plugs, Receptacles and Connectors > Wall Plates",['https://img1.fastenal.com/infp360pmm/derivates/3/001/310/386/0703565.jpg'],,"Rugged diecast construction,State-of-the-art powder coat finish provides maximum weatherability and scratch-resistance,Self-closing lids assure weatherproof protection when the receptacle is not in use,Includes gasket and mounting hardware,Multi-lingual instructions in each package",For use whenever weatherproof protection is required for an outdoor receptacle.
https://www.fastenal.com/product/details/0745097,302/304SS Grade 1Gang GFCI Wall Plate,BRYANT,HUBBELL,41.60,10,4.16,0745097,SS26,39121704,Silver,Wall Plate,Stainless Steel,Rocker Plate,,0.05,"4.50""","2.87""",1,each,No,"Electrical > Plugs, Receptacles and Connectors > Wall Plates",['https://img4.fastenal.com/infp360pmm/derivates/3/001/143/269/0745097.jpg'],"Hubbell offers a wide variety of configurations, sizes, and finishes in both metal and nylon wall plates for use in industrial, institutional, commercial, and residential applications. We offer finishes in nylon, aluminum, brass, brass plated, chrome, and stainless steel. We have totally redesigned and expanded our line of nylon wall plates featuring larger standard sized wall plates to give extra coverage to hide rough box opening, improved aesthetics, greater strength, impact resistance, along with excellent cleanability in all different types of environments.","Finish is lacquer coated to inhibit oxidationMagnetic: 17.0% Chromium, Less than 0.5% NickelIdeal for highly corrosive environmentsEnvironments subjected to heavy abuse",Stainless Steel Wall Plate For Industrial Applications
https://www.fastenal.com/product/details/0778935,White Box Mount Blank Single Gang Nylon Wall Plate,BRYANT,HUBBELL,61.00,25,2.44,0778935,P13W,39121704,White,Wall Plate,Nylon,Blank,Industrial / Commercial,0.05,"4.63""","2.88""",1,each,No,"Electrical > Plugs, Receptacles and Connectors > Wall Plates",['https://img1.fastenal.com/infp360pmm/derivates/3/001/766/561/$v2/0778935_primary_eng.jpg'],Nylon wall plates are designed for durability and easy cleaning. Hubbell's standard sized wall plates are 1/8 inch larger to give you that extra coverage to hide rough box openings. The depth is 1/4 inch so that it will comfortably fit over the device even on imperfect installations or on retrofit work.,"Blends into wall with an optimum finishSmooth satin finishSharp lines and less dimplingMore RigidHigh-impact, self-extinguishing polycarbonate material",
https://www.fastenal.com/product/details/0745050,302/304SS 1Gang Toggle Switch Wall Plate,BRYANT,HUBBELL,47.30,10,4.73,0745050,SS1,39121704,Silver,Wall Plate,Stainless Steel,Toggle Switch,,0.05,"4.50""","2.87""",1,each,No,"Electrical > Plugs, Receptacles and Connectors > Wall Plates",['https://img2.fastenal.com/infp360pmm/derivates/3/001/290/172/0745050.jpg'],"Hubbell offers a wide variety of configurations, sizes, and finishes in both metal and nylon wall plates for use in industrial, institutional, commercial, and residential applications. We offer finishes in nylon, aluminum, brass, brass plated, chrome, and stainless steel. We have totally redesigned and expanded our line of nylon wall plates featuring larger standard sized wall plates to give extra coverage to hide rough box opening, improved aesthetics, greater strength, impact resistance, along with excellent cleanability in all different types of environments.",Protective plastic film helps to prevent scratches and damageNon-MagneticIdeal for highly corrosive environments,Stainless Steel Wall Plate For Industrial Applications
https://www.fastenal.com/product/details/0703918,BRY-Silver Sgl Toggle Switch Wallplate,BRYANT,HUBBELL,27.00,10,2.70,0703918,SS1,39121704,Silver,Wall Plate,Stainless Steel,Toggle Switch,,0.115,"4.50""","2.75""",1,each,No,"Electrical > Plugs, Receptacles and Connectors > Wall Plates","['https://img4.fastenal.com/infp360pmm/derivates/3/001/122/0703918.jpg', 'https://img4.fastenal.com/infp360pmm/derivates/3/001/118/964/$v4/0703918_Product2_eng.jpg']",Bryant's Stainless Steel Wall Plates provide solutions for a variety of industrial and commercial applications.,"Environments subjected to heavy abuse,The 302/304 type stainless steel wall plates are ideal for highly corrosive environments such as food processing, hospitals, static free requirements and more,Non-magnetic: 18.0% Chromium, 8.0% Nickel","Industrial, Commercial, and Institutional use"
https://www.fastenal.com/product/details/0703921,BRY-Silver Sgl Duplex SS Wallplate,BRYANT,HUBBELL,26.40,10,2.64,0703921,SS8,39121704,Silver,Wall Plate,Stainless Steel,Duplex Receptacle,,0.1,"4.50""","2.75""",1,each,No,"Electrical > Plugs, Receptacles and Connectors > Wall Plates","['https://img3.fastenal.com/infp360pmm/derivates/3/001/166/178/0703921.jpg', 'https://img0.fastenal.com/infp360pmm/derivates/3/001/118/965/$v4/0703921_Product2_eng.jpg', 'https://img2.fastenal.com/infp360pmm/derivates/3/001/118/998/$v3/0703921_Product3_eng.jpg']",Bryant's Stainless Steel Wall Plates provide solutions for a variety of industrial and commercial applications.,"Environments subjected to heavy abuse,The 302/304 type stainless steel wall plates are ideal for highly corrosive environments such as food processing, hospitals, static free requirements and more,Non-magnetic: 18.0% Chromium, 8.0% Nickel","Industrial, Commercial, and Institutional use"
https://www.fastenal.com/product/details/0703569,Duplex Vertical Mount Single Gang Device Cover,RACO,HUBBELL,1.57,,1.57,0703569,5146-0,39121704,Gray,Wall Plate,Steel,,,0.25,"4.50""","2.81""",1,each,Yes,"Electrical > Plugs, Receptacles and Connectors > Wall Plates",['https://img2.fastenal.com/infp360pmm/derivates/3/001/224/667/0703569.jpg'],,"Rugged diecast construction,State-of-the-art powder coat finish provides maximum weatherability and scratch-resistance,Self-closing lids assure weatherproof protection when the receptacle is not in use,Includes gasket and mounting hardware,Multi-lingual instructions in each package",For use whenever weatherproof protection is required for an outdoor receptacle.
https://www.fastenal.com/product/details/0745060,302/304SS 1-Gang Blank Wall Plate,BRYANT,HUBBELL,56.50,10,5.65,0745060,SS13,39121704,Silver,Wall Plate,Stainless Steel,Blank,,0.25,"4.50""","2.87""",1,each,No,"Electrical > Plugs, Receptacles and Connectors > Wall Plates",['https://img1.fastenal.com/infp360pmm/derivates/3/001/109/831/0745060.jpg'],"Hubbell offers a wide variety of configurations, sizes, and finishes in both metal and nylon wall plates for use in industrial, institutional, commercial, and residential applications. We offer finishes in nylon, aluminum, brass, brass plated, chrome, and stainless steel. We have totally redesigned and expanded our line of nylon wall plates featuring larger standard sized wall plates to give extra coverage to hide rough box opening, improved aesthetics, greater strength, impact resistance, along with excellent cleanability in all different types of environments.",Protective plastic film helps to prevent scratches and damageNon-magneticIdeal for highly corrosive environments,Wall Plate For Industrial Applications
https://www.fastenal.com/product/details/0778926,White 1 Toggle Switch Single Gang Nylon Wall Plate,BRYANT,HUBBELL,33.00,25,1.32,0778926,P1W,39121704,White,Wall Plate,Nylon,Toggle Switch,Industrial / Commercial,0.05,"4.63""","2.88""",1,each,No,"Electrical > Plugs, Receptacles and Connectors > Wall Plates",['https://img2.fastenal.com/infp360pmm/derivates/3/001/766/562/$v2/0778926_primary_eng.jpg'],Nylon wall plates are designed for durability and easy cleaning. Hubbell's standard sized wall plates are 1/8 inch larger to give you that extra coverage to hide rough box openings. The depth is 1/4 inch so that it will comfortably fit over the device even on imperfect installations or on retrofit work.,"Captive screw feature on single-gang versions, hold screws in place for quick installationBlends into wall with an optimum finishSmooth satin finishSharp lines and less dimplingMore RigidHigh-impact, self-extinguishing polycarbonate material",
https://www.fastenal.com/product/details/0703579,"Gray 3-1/2"" Outlet Round Cluster Cover",RACO,HUBBELL,0.11,,0.11,0703579,5197-0,39121704,Gray,Wall Plate,Die Cast Steel,,,0.34,"0.56""","3.50""",,each,Yes,"Electrical > Plugs, Receptacles and Connectors > Wall Plates",['https://img0.fastenal.com/infp360pmm/derivates/3/001/248/680/0703578.jpg'],,"Rugged diecast construction,state-of-the-art powder coat finish provides maximum weatherability and scratch-resistance,Includes gasket and mounting hardware,Multi-lingual instructions in each package,Three hole covers supplied with two closure plugs",For use with BELL[REG] single gang or round weatherproof boxes. Cluster covers provide and easy means of mounting BELL[REG] lampholders and other accessories.
https://www.fastenal.com/product/details/0703575,"Gray 3-1/2"" Outlet Rectangular Cluster Cover",RACO,HUBBELL,0.13,,0.13,0703575,5189-0,39121704,Gray,Wall Plate,Die Cast Steel,,,0.25,"4.63""","3.50""",,each,No,"Electrical > Plugs, Receptacles and Connectors > Wall Plates",['https://img0.fastenal.com/infp360pmm/derivates/3/001/147/330/0703575.jpg'],,"Rugged diecast construction,state-of-the-art powder coat finish provides maximum weatherability and scratch-resistance,Includes gasket and mounting hardware,Multi-lingual instructions in each package,Three hole covers supplied with two closure plugs",For use with BELL[REG] single gang or round weatherproof boxes. Cluster covers provide and easy means of mounting BELL[REG] lampholders and other accessories.
https://www.fastenal.com/product/details/0728913,"4"" Square Steel 1 GFCI Exposed Work Cover",RACO,HUBBELL,66.30,10,6.63,0728913,808C,39121704,Gray,Wall Plate,Metal,,,0.352,"4.00""","0.50""",1,each,No,"Electrical > Plugs, Receptacles and Connectors > Wall Plates","['https://img1.fastenal.com/infp360pmm/derivates/3/001/248/821/0728913.jpg', 'https://img0.fastenal.com/infp360pmm/derivates/3/001/118/948/0728913_Product2_eng.jpg', 'https://img2.fastenal.com/infp360pmm/derivates/3/001/118/968/0728913_Product3_eng.jpg']",,,
https://www.fastenal.com/product/details/922570290,Wallplate 1-Gang Box Mount Blank Ivory,BRYANT,HUBBELL,32.75,25,1.31,922570290,P13I,39121704,Ivory,Wall Plate,Polycarbonate,Blank,Industrial / Commercial / Residential,0.05,"4.63""","2.88""",1,each,No,"Electrical > Plugs, Receptacles and Connectors > Wall Plates",['https://img1.fastenal.com/infp360pmm/derivates/3/001/766/871/$v2/922570290_primary_eng.jpg'],"Hubbell's line of polycarbonate wallplates features larger standard sized wallplates to provide extra coverage to hide rough box opening, improved aesthetics, greater strength, impact resistance, along with easy to clean finish in all different types of environments.Hubbell's standard sized wallplates are ¹⁄8 inch larger to provide you that extra coverage to hide rough box openings. The depth is ¼ inch so that it will comfortably fit over the device even on imperfect installations or on retrofit work.","Blends into wall with an optimum finishSmooth satin finishSharp lines and less dimplingMore RigidHigh-impact, self-extinguishing polycarbonate material","Industrial, Commercial, Institutional, and Residential use;Protection against contact of live terminals and wiring. Provides finished look to installation."
https://www.fastenal.com/product/details/0706986,"#768 4"" Square Combination Raised 5/8"" Surface Cover",RACO,HUBBELL,2.81,,2.81,0706986,768,39121704,Gray,Wall Plate,Steel,Blank,,0.255,"0.63""","4.00""",1,each,No,"Electrical > Plugs, Receptacles and Connectors > Wall Plates",['https://img4.fastenal.com/infp360pmm/derivates/3/001/194/604/0700709.jpg'],,Angled mounting slots compensate up to 12 degrees for box misalignment,Raised device covers are used for mounting switches or receptacles.
https://www.fastenal.com/product/details/922570262,Wallplate 1-Gang 1) Decorator White,BRYANT,HUBBELL,26.75,25,1.07,922570262,P26W,39121704,White,Wall Plate,Polycarbonate,,Industrial / Commercial / Residential,0.04,"4.63""","2.88""",1,each,No,"Electrical > Plugs, Receptacles and Connectors > Wall Plates",['https://img4.fastenal.com/infp360pmm/derivates/3/001/766/889/$v2/922570262_primary_eng.jpg'],"Hubbell's line of polycarbonate wallplates features larger standard sized wallplates to provide extra coverage to hide rough box opening, improved aesthetics, greater strength, impact resistance, along with easy to clean finish in all different types of environments.Hubbell's standard sized wallplates are ¹⁄8 inch larger to provide you that extra coverage to hide rough box openings. The depth is ¼ inch so that it will comfortably fit over the device even on imperfect installations or on retrofit work.","Captive screw feature on single-gang versions, hold screws in place for quick installationBlends into wall with an optimum finishSmooth satin finishSharp lines and less dimplingMore RigidHigh-impact, self-extinguishing polycarbonate material","Industrial, Commercial, Institutional, and Residential use;Protection against contact of live terminals and wiring. Provides finished look to installation."
https://www.fastenal.com/product/details/0728927,"4"" Square 1 Receptacle 1.406""Dia. Steel Exposed Work Cover",RACO,HUBBELL,60.60,10,6.06,0728927,801C,39121704,Gray,Wall Plate,Metal,,,0.402,"4.00""","0.50""",,each,No,"Electrical > Plugs, Receptacles and Connectors > Wall Plates","['https://img1.fastenal.com/infp360pmm/derivates/3/001/191/701/0728927.jpg', 'https://img4.fastenal.com/infp360pmm/derivates/3/001/118/947/0728927_Product2_eng.jpg']",,,
https://www.fastenal.com/product/details/0703922,BRY-Silver 2 Duplex SS Wall Plate,BRYANT,HUBBELL,63.20,10,6.32,0703922,SS82,39121704,Silver,Wall Plate,Stainless Steel,Duplex Receptacle,,0.16,"4.50""","4.56""",2,each,No,"Electrical > Plugs, Receptacles and Connectors > Wall Plates",['https://img0.fastenal.com/infp360pmm/derivates/3/001/191/545/0703922.jpg'],Bryant's Stainless Steel Wall Plates provide solutions for a variety of industrial and commercial applications.,"Environments subjected to heavy abuse,The 302/304 type stainless steel wall plates are ideal for highly corrosive environments such as food processing, hospitals, static free requirements and more,Non-magnetic: 18.0% Chromium, 8.0% Nickel","Industrial, Commercial, and Institutional use"
https://www.fastenal.com/product/details/922570096,Wallplate 2-Gang 2) Duplex White,BRYANT,HUBBELL,65.75,25,2.63,922570096,P82W,39121704,White,Wall Plate,Polycarbonate,Duplex Receptacle,Industrial / Commercial / Residential,0.08,"4.63""","4.69""",2,each,No,"Electrical > Plugs, Receptacles and Connectors > Wall Plates",['https://img0.fastenal.com/infp360pmm/derivates/3/001/767/030/$v2/922570096_primary_eng.jpg'],"Hubbell's line of polycarbonate wallplates features larger standard sized wallplates to provide extra coverage to hide rough box opening, improved aesthetics, greater strength, impact resistance, along with easy to clean finish in all different types of environments.Hubbell's standard sized wallplates are ¹⁄8 inch larger to provide you that extra coverage to hide rough box openings. The depth is ¼ inch so that it will comfortably fit over the device even on imperfect installations or on retrofit work.","Blends into wall with an optimum finishSmooth satin finishSharp lines and less dimplingMore RigidHigh-impact, self-extinguishing polycarbonate material","Industrial, Commercial, Institutional, and Residential use;Protection against contact of live terminals and wiring. Provides finished look to installation."
https://www.fastenal.com/product/details/922570279,Wallplate Toggle 1-Gang Ivory,BRYANT,HUBBELL,32.50,25,1.30,922570279,P1I,39121704,Ivory,Wall Plate,Polycarbonate,Toggle Switch,Industrial / Commercial / Residential,0.05,"4.63""","2.88""",1,each,No,"Electrical > Plugs, Receptacles and Connectors > Wall Plates",['https://img1.fastenal.com/infp360pmm/derivates/3/001/766/911/$v2/922570279_primary_eng.jpg'],"Hubbell's line of polycarbonate wallplates features larger standard sized wallplates to provide extra coverage to hide rough box opening, improved aesthetics, greater strength, impact resistance, along with easy to clean finish in all different types of environments.Hubbell's standard sized wallplates are ¹⁄8 inch larger to provide you that extra coverage to hide rough box openings. The depth is ¼ inch so that it will comfortably fit over the device even on imperfect installations or on retrofit work.","Captive screw feature on single-gang versions, hold screws in place for quick installationBlends into wall with an optimum finishSmooth satin finishSharp lines and less dimplingMore RigidHigh-impact, self-extinguishing polycarbonate material","Industrial, Commercial, Institutional, and Residential use;Protection against contact of live terminals and wiring. Provides finished look to installation."
https://www.fastenal.com/product/details/922570301,1 Gang White Duplex Receptacle Wall Plate,BRYANT,HUBBELL,38.25,25,1.53,922570301,PJ8W,39121704,White,Wall Plate,Polycarbonate,Duplex Receptacle,Industrial / Commercial / Residential,0.05,"4.94""","3.15""",1,each,No,"Electrical > Plugs, Receptacles and Connectors > Wall Plates",['https://img0.fastenal.com/infp360pmm/derivates/3/001/766/560/$v2/0778968_primary_eng.jpg'],"Hubbell's line of polycarbonate wallplates features larger standard sized wallplates to provide extra coverage to hide rough box opening, improved aesthetics, greater strength, impact resistance, along with easy to clean finish in all different types of environments.Hubbell's standard sized wallplates are ¹⁄8 inch larger to provide you that extra coverage to hide rough box openings. The depth is ¼ inch so that it will comfortably fit over the device even on imperfect installations or on retrofit work.","Captive screw feature on single-gang versions, hold screws in place for quick installationBlends into wall with an optimum finishSmooth satin finishSharp lines and less dimplingMore RigidHigh-impact, self-extinguishing polycarbonate material","Industrial, Commercial, Institutional, and Residential use;Protection against contact of live terminals and wiring. Provides finished look to installation."
https://www.fastenal.com/product/details/922570186,Wallplate 2-Gang 2 Box Mount Blank White,BRYANT,HUBBELL,74.25,25,2.97,922570186,P23W,39121704,White,Wall Plate,Polycarbonate,Blank,Industrial / Commercial / Residential,0.08,"4.63""","4.69""",2,each,No,"Electrical > Plugs, Receptacles and Connectors > Wall Plates",['https://img0.fastenal.com/infp360pmm/derivates/3/001/767/085/$v2/922570186_primary_eng.jpg'],"Hubbell's line of polycarbonate wallplates features larger standard sized wallplates to provide extra coverage to hide rough box opening, improved aesthetics, greater strength, impact resistance, along with easy to clean finish in all different types of environments.Hubbell's standard sized wallplates are ¹⁄8 inch larger to provide you that extra coverage to hide rough box openings. The depth is ¼ inch so that it will comfortably fit over the device even on imperfect installations or on retrofit work.","Blends into wall with an optimum finishSmooth satin finishSharp lines and less dimplingMore RigidHigh-impact, self-extinguishing polycarbonate material","Industrial, Commercial, Institutional, and Residential use;Protection against contact of live terminals and wiring. Provides finished look to installation."
https://www.fastenal.com/product/details/0703568,Duplex Multi-Gang Device Cover,RACO,HUBBELL,26.21,,26.21,0703568,5148-0,39121704,Gray,Wall Plate,Steel,,,0.5861,"4.50""","4.53""",2,each,No,"Electrical > Plugs, Receptacles and Connectors > Wall Plates",['https://img2.fastenal.com/infp360pmm/derivates/3/001/310/387/0703568.jpg'],,"Rugged diecast construction,State-of-the-art powder coat finish provides maximum weatherability and scratch-resistance,Self-closing lids assure weatherproof protection when the receptacle is not in use,Includes gasket and mounting hardware,Multi-lingual instructions in each package",For use whenever weatherproof protection is required for an outdoor receptacle.
https://www.fastenal.com/product/details/922570131,Wallplate Mid-Size 1-Gang 1) Decorator White,BRYANT,HUBBELL,28.00,25,1.12,922570131,PJ26W,39121704,White,Wall Plate,Polycarbonate,,Industrial / Commercial / Residential,0.05,"4.94""","3.15""",1,each,No,"Electrical > Plugs, Receptacles and Connectors > Wall Plates",['https://img4.fastenal.com/infp360pmm/derivates/3/001/766/889/$v2/922570262_primary_eng.jpg'],"Hubbell's line of polycarbonate wallplates features larger standard sized wallplates to provide extra coverage to hide rough box opening, improved aesthetics, greater strength, impact resistance, along with easy to clean finish in all different types of environments.Hubbell's standard sized wallplates are ¹⁄8 inch larger to provide you that extra coverage to hide rough box openings. The depth is ¼ inch so that it will comfortably fit over the device even on imperfect installations or on retrofit work.","Captive screw feature on single-gang versions, hold screws in place for quick installationBlends into wall with an optimum finishSmooth satin finishSharp lines and less dimplingMore RigidHigh-impact, self-extinguishing polycarbonate material","Industrial, Commercial, Institutional, and Residential use;Protection against contact of live terminals and wiring. Provides finished look to installation."
https://www.fastenal.com/product/details/922570409,2 Gang White Toggle Switch Wall Plate,BRYANT,HUBBELL,59.25,25,2.37,922570409,P2W,39121704,White,Wall Plate,Polycarbonate,Toggle Switch,Industrial / Commercial / Residential,0.08,"4.63""","4.69""",2,each,No,"Electrical > Plugs, Receptacles and Connectors > Wall Plates",['https://img0.fastenal.com/infp360pmm/derivates/3/001/766/925/$v2/922570409_primary_eng.jpg'],"Hubbell's line of polycarbonate wallplates features larger standard sized wallplates to provide extra coverage to hide rough box opening, improved aesthetics, greater strength, impact resistance, along with easy to clean finish in all different types of environments.Hubbell's standard sized wallplates are ¹⁄8 inch larger to provide you that extra coverage to hide rough box openings. The depth is ¼ inch so that it will comfortably fit over the device even on imperfect installations or on retrofit work.","Blends into wall with an optimum finishSmooth satin finishSharp lines and less dimplingMore RigidHigh-impact, self-extinguishing polycarbonate material","Industrial, Commercial, Institutional, and Residential use;Protection against contact of live terminals and wiring. Provides finished look to installation."
https://www.fastenal.com/product/details/0700710,"4.00"" W Gray Steel Wall Plate",RACO,HUBBELL,2.65,,2.65,0700710,8772,39121704,Gray,Wall Plate,Steel,,,0.215,"0.50""","4.00""",1,each,No,"Electrical > Plugs, Receptacles and Connectors > Wall Plates",['https://img4.fastenal.com/infp360pmm/derivates/3/001/194/604/0700709.jpg'],,Angled mounting slots compensate up to 12&deg;For box misalignment,Raised device covers are used for mounting switches or receptacles. Low voltage partitions may be added to conduit-type boxes to divide power from voice/data.
https://www.fastenal.com/product/details/0777614,"4.50""Hx4.56""Wx0.035""D Stainless Steel 2Gang Double Duplex Wall Plate",BRYANT,HUBBELL,131.40,10,13.14,0777614,SS82,39121704,Silver,Wall Plate,Stainless Steel,,,0.01,"4.50""","4.56""",2,each,No,"Electrical > Plugs, Receptacles and Connectors > Wall Plates",['https://img3.fastenal.com/infp360pmm/derivates/3/001/143/458/0777614.jpg'],"Hubbell offers a wide variety of configurations, sizes, and finishes in both metal and nylon wall plates for use in industrial, institutional, commercial, and residential applications. We offer finishes in nylon, aluminum, brass, brass plated, chrome, and stainless steel. We have totally redesigned and expanded our line of nylon wall plates featuring larger standard sized wall plates to give extra coverage to hide rough box opening, improved aesthetics, greater strength, impact resistance, along with excellent clean ability in all different types of environments.",Protective plastic film helps to prevent scratches and damageNon-magneticIdeal for highly corrosive environments,Industrial and commercial</br>applications; environments subjected to heavy abuse.
https://www.fastenal.com/product/details/0745079,2 Gang Silver Blank Wall Plate,BRYANT,HUBBELL,11.71,,11.71,0745079,SS23,39121704,Silver,Wall Plate,Stainless Steel,Blank,,0.3,"4.50""","4.60""",2,each,No,"Electrical > Plugs, Receptacles and Connectors > Wall Plates",['https://img0.fastenal.com/infp360pmm/derivates/3/001/482/0703927.jpg'],"Hubbell offers a wide variety of configurations, sizes, and finishes in both metal and nylon wall plates for use in industrial, institutional, commercial, and residential applications. We offer finishes in nylon, aluminum, brass, brass plated, chrome, and stainless steel. We have totally redesigned and expanded our line of nylon wall plates featuring larger standard sized wall plates to give extra coverage to hide rough box opening, improved aesthetics, greater strength, impact resistance, along with excellent cleanability in all different types of environments.",Protective plastic film helps to prevent scratches and damageNon-magneticIdeal for highly corrosive environments,Stainless Steel Wall Plate For Industrial Applications
https://www.fastenal.com/product/details/99403941,2 Gang 302/304 Stainless Steel 2-Decorator Standard Wall Plate,BRYANT,HUBBELL,13.62,,13.62,99403941,SS262,39121704,,Wall Plate,Stainless Steel,,,0.1,"4.50""","4.69""",2,each,No,"Electrical > Plugs, Receptacles and Connectors > Wall Plates",['https://img1.fastenal.com/infp360pmm/derivates/3/001/210/241/99403941.jpg'],Stainless Steel Wall Plates provide solutions for a variety of industrial and commercial applications; with environments subjected to heavy abuse,"The 302/304 type stainless steel wallplates are ideal for highly corrosive environments such as food processing, hospitals, static free requirements and more Non-magnetic: 18.0% Chromium, 8.0% Nickel","ideal for highly corrosive environments</br>such as food processing, hospitals, static</br>free requirements and more"
https://www.fastenal.com/product/details/922570377,Wallplate Mid-Size 1-Gang Box Mount Blank White,BRYANT,HUBBELL,55.75,25,2.23,922570377,PJ13W,39121704,White,Wall Plate,Polycarbonate,Blank,Industrial / Commercial / Residential,0.06,"4.94""","3.15""",1,each,No,"Electrical > Plugs, Receptacles and Connectors > Wall Plates",['https://img1.fastenal.com/infp360pmm/derivates/3/001/766/561/$v2/0778935_primary_eng.jpg'],"Hubbell's line of polycarbonate wallplates features larger standard sized wallplates to provide extra coverage to hide rough box opening, improved aesthetics, greater strength, impact resistance, along with easy to clean finish in all different types of environments.Hubbell's standard sized wallplates are ¹⁄8 inch larger to provide you that extra coverage to hide rough box openings. The depth is ¼ inch so that it will comfortably fit over the device even on imperfect installations or on retrofit work.","Blends into wall with an optimum finishSmooth satin finishSharp lines and less dimplingMore RigidHigh-impact, self-extinguishing polycarbonate material","Industrial, Commercial, Institutional, and Residential use;Protection against contact of live terminals and wiring. Provides finished look to installation."
https://www.fastenal.com/product/details/922570401,Wallplate 2-Gang 2 Box Mount Blank Ivory,BRYANT,HUBBELL,131.50,25,5.26,922570401,P23I,39121704,Ivory,Wall Plate,Polycarbonate,Blank,Industrial / Commercial / Residential,0.08,"4.63""","4.69""",2,each,No,"Electrical > Plugs, Receptacles and Connectors > Wall Plates",['https://img2.fastenal.com/infp360pmm/derivates/3/001/766/932/$v2/922570401_primary_eng.jpg'],"Hubbell's line of polycarbonate wallplates features larger standard sized wallplates to provide extra coverage to hide rough box opening, improved aesthetics, greater strength, impact resistance, along with easy to clean finish in all different types of environments.Hubbell's standard sized wallplates are ¹⁄8 inch larger to provide you that extra coverage to hide rough box openings. The depth is ¼ inch so that it will comfortably fit over the device even on imperfect installations or on retrofit work.","Blends into wall with an optimum finishSmooth satin finishSharp lines and less dimplingMore RigidHigh-impact, self-extinguishing polycarbonate material","Industrial, Commercial, Institutional, and Residential use;Protection against contact of live terminals and wiring. Provides finished look to installation."
https://www.fastenal.com/product/details/922570381,Wallplate 2-Gang 2) Decorator White,BRYANT,HUBBELL,154.50,25,6.18,922570381,P262W,39121704,White,Wall Plate,Polycarbonate,,Industrial / Commercial / Residential,0.08,"4.63""","4.69""",2,each,No,"Electrical > Plugs, Receptacles and Connectors > Wall Plates",['https://img0.fastenal.com/infp360pmm/derivates/3/001/766/975/$v2/922570381_primary_eng.jpg'],"Hubbell's line of polycarbonate wallplates features larger standard sized wallplates to provide extra coverage to hide rough box opening, improved aesthetics, greater strength, impact resistance, along with easy to clean finish in all different types of environments.Hubbell's standard sized wallplates are ¹⁄8 inch larger to provide you that extra coverage to hide rough box openings. The depth is ¼ inch so that it will comfortably fit over the device even on imperfect installations or on retrofit work.","Blends into wall with an optimum finishSmooth satin finishSharp lines and less dimplingMore RigidHigh-impact, self-extinguishing polycarbonate material","Industrial, Commercial, Institutional, and Residential use;Protection against contact of live terminals and wiring. Provides finished look to installation."
https://www.fastenal.com/product/details/0743900,Grey 1Gang Horizontal-Duplex Opening Weatherproof Wall Plate Cover,BRYANT,HUBBELL,17.29,,17.29,0743900,RW51810,39121704,Gray,Wall Plate,Die Cast Zinc,,Weatherproof,0.45,"2.82""","4.57""",1,each,No,"Electrical > Plugs, Receptacles and Connectors > Wall Plates",['https://img0.fastenal.com/infp360pmm/derivates/3/001/341/830/0743900.jpg'],1-Gang Weatherproof Covers for Horizontal Mounting,"Zinc die cast, gray, duplex cover for device mounting. 2.82"" x 4.57"" x 0.79""",Covers are designed for use whenever weatherproof protection is required while an outlet is in use. This line includes one and two gang covers with standard and jumbo depths.
https://www.fastenal.com/product/details/922570306,Wallplate 1-Gang 1) Decorator Ivory,BRYANT,HUBBELL,65.00,25,2.60,922570306,P26I,39121704,Ivory,Wall Plate,Polycarbonate,,Industrial / Commercial / Residential,0.04,"4.63""","2.88""",1,each,No,"Electrical > Plugs, Receptacles and Connectors > Wall Plates",['https://img1.fastenal.com/infp360pmm/derivates/3/001/766/861/$v2/922570306_primary_eng.jpg'],"Hubbell's line of polycarbonate wallplates features larger standard sized wallplates to provide extra coverage to hide rough box opening, improved aesthetics, greater strength, impact resistance, along with easy to clean finish in all different types of environments.Hubbell's standard sized wallplates are ¹⁄8 inch larger to provide you that extra coverage to hide rough box openings. The depth is ¼ inch so that it will comfortably fit over the device even on imperfect installations or on retrofit work.","Captive screw feature on single-gang versions, hold screws in place for quick installationBlends into wall with an optimum finishSmooth satin finishSharp lines and less dimplingMore RigidHigh-impact, self-extinguishing polycarbonate material","Industrial, Commercial, Institutional, and Residential use;Protection against contact of live terminals and wiring. Provides finished look to installation."
https://www.fastenal.com/product/details/0745131,"302/304SS 1Gang 1.40"" Opening Single Receptacle Wall Plate",BRYANT,HUBBELL,5.65,,5.65,0745131,SS7,39121704,Silver,Wall Plate,Stainless Steel,Single Receptacle,,0.15,"4.50""","2.87""",1,each,No,"Electrical > Plugs, Receptacles and Connectors > Wall Plates",['https://img1.fastenal.com/infp360pmm/derivates/3/001/166/416/0745131.jpg'],"Hubbell offers a wide variety of configurations, sizes, and finishes in both metal and nylon wall plates for use in industrial, institutional, commercial, and residential applications. We offer finishes in nylon, aluminum, brass, brass plated, chrome, and stainless steel. We have totally redesigned and expanded our line of nylon wall plates featuring larger standard sized wall plates to give extra coverage to hide rough box opening, improved aesthetics, greater strength, impact resistance, along with excellent cleanability in all different types of environments.","Used with Single Receptacles with Face Dia. 1.40"" (35.6)",Stainless Steel Wall Plate For Industrial Applications
https://www.fastenal.com/product/details/922570408,2 Gang Ivory Duplex Receptacle Wall Plate,BRYANT,HUBBELL,59.50,25,2.38,922570408,P82I,39121704,Ivory,Wall Plate,Polycarbonate,Duplex Receptacle,Industrial / Commercial / Residential,0.08,"4.63""","4.69""",2,each,No,"Electrical > Plugs, Receptacles and Connectors > Wall Plates",['https://img1.fastenal.com/infp360pmm/derivates/3/001/766/926/$v2/922570408_primary_eng.jpg'],"Hubbell's line of polycarbonate wallplates features larger standard sized wallplates to provide extra coverage to hide rough box opening, improved aesthetics, greater strength, impact resistance, along with easy to clean finish in all different types of environments.Hubbell's standard sized wallplates are ¹⁄8 inch larger to provide you that extra coverage to hide rough box openings. The depth is ¼ inch so that it will comfortably fit over the device even on imperfect installations or on retrofit work.","Blends into wall with an optimum finishSmooth satin finishSharp lines and less dimplingMore RigidHigh-impact, self-extinguishing polycarbonate material","Industrial, Commercial, Institutional, and Residential use;Protection against contact of live terminals and wiring. Provides finished look to installation."
https://www.fastenal.com/product/details/0703553,GFCI RAYNTITE Single-Gang Device Cover,RACO,HUBBELL,603.36,24,25.14,0703553,5028-0,39121704,Gray,Wall Plate,Die Cast Aluminum,,,0.4167,"4.50""","2.75""",1,each,No,"Electrical > Plugs, Receptacles and Connectors > Wall Plates","['https://img4.fastenal.com/infp360pmm/derivates/3/001/348/679/0703553.jpg', 'https://img2.fastenal.com/infp360pmm/derivates/3/001/118/999/0703553_Product2_eng.jpg']",,"Rugged diecast construction,State-of-the-art powder coat finish provides maximum weatherability and scratch-resistance,Self-closing lids assure weatherproof protection when the receptacle is not in use,Vertical mount covers padlockable,May be mounted to box or device,Includes gasket and mounting hardware,Multi-lingual instructions in each package",For use whenever weatherproof protection is required for an outdoor receptacle.
https://www.fastenal.com/product/details/0703929,BRY-Silver 20/30AMP Pwr Receptacle Wall Plate,BRYANT,HUBBELL,28.00,10,2.80,0703929,SS720,39121704,Silver,Wall Plate,Stainless Steel,Single Receptacle,,0.11,"4.50""","2.75""",1,each,No,"Electrical > Plugs, Receptacles and Connectors > Wall Plates",['https://img0.fastenal.com/infp360pmm/derivates/3/001/766/585/$v2/0703929_primary_eng.jpg'],Rounded edges to prevent injury and wall damageStandard stainless steel: Type 302/304 (0.040 in. thick)Comes with screws,"Used with Single Receptacles with Face Dia. 1.60"" (40.6)",
https://www.fastenal.com/product/details/0700719,"4.00"" W Gray Steel Wall Plate",RACO,HUBBELL,3.77,,3.77,0700719,8769,39121704,Gray,Wall Plate,Steel,,,0.104,"0.63""","4.00""",,each,No,"Electrical > Plugs, Receptacles and Connectors > Wall Plates",['https://img2.fastenal.com/infp360pmm/derivates/3/001/523/0703475.jpg'],,Angled mounting slots compensate up to 12&deg;For box misalignment,Raised device covers are used for mounting switches or receptacles. Low voltage partitions may be added to conduit-type boxes to divide power from voice/data.
https://www.fastenal.com/product/details/0728835,Gray WP Single-Gang SP 125V 10A Vertical Lever Switch Cover,RACO,HUBBELL,16.07,,16.07,0728835,5121-0,39121704,Gray,Wall Plate,Metal,,,0.3323,"4.61""","2.83""",1,each,No,"Electrical > Plugs, Receptacles and Connectors > Wall Plates","['https://img3.fastenal.com/infp360pmm/derivates/3/001/223/143/0728835.jpg', 'https://img0.fastenal.com/infp360pmm/derivates/3/001/118/945/0728835_Product2_eng.jpg', 'https://img2.fastenal.com/infp360pmm/derivates/3/001/118/966/0728835_Product3_eng.jpg']",,,
https://www.fastenal.com/product/details/0703919,BRY-Silver 2 Toggle Switch Wall Plate,BRYANT,HUBBELL,123.60,20,6.18,0703919,SS2,39121704,Silver,Wall Plate,Stainless Steel,Toggle Switch,,0.21,"4.50""","4.56""",2,each,No,"Electrical > Plugs, Receptacles and Connectors > Wall Plates",['https://img3.fastenal.com/infp360pmm/derivates/3/001/142/898/0703919.jpg'],Bryant's Stainless Steel Wall Plates provide solutions for a variety of industrial and commercial applications.,"Environments subjected to heavy abuse,The 302/304 type stainless steel wall plates are ideal for highly corrosive environments such as food processing, hospitals, static free requirements and more,Non-magnetic: 18.0% Chromium, 8.0% Nickel","Industrial, Commercial, and Institutional use"
https://www.fastenal.com/product/details/0703923,BRY-Silver 15/20AMP Sgl Receptacle Wall Plate,BRYANT,HUBBELL,30.40,10,3.04,0703923,SS7,39121704,Silver,Wall Plate,Stainless Steel,Single Receptacle,,0.13,"4.50""","2.75""",1,each,No,"Electrical > Plugs, Receptacles and Connectors > Wall Plates",['https://img2.fastenal.com/infp360pmm/derivates/3/001/766/492/$v2/0703923_primary_eng.jpg'],Rounded edges to prevent injury and wall damage;Standard stainless steel: Type 302/304 (0.040 in. thick);Comes with screws,"Used with Single Receptacles with Face Dia. 1.40"" (35.6)",
https://www.fastenal.com/product/details/0703562,GFCI Vertical RAYNTITE 2-Gang Device Cover,RACO,HUBBELL,1275.36,24,53.14,0703562,5045-0,39121704,Gray,Wall Plate,Die Cast Aluminum,,,0.5,"4.50""","4.50""",2,each,No,"Electrical > Plugs, Receptacles and Connectors > Wall Plates",['https://img4.fastenal.com/infp360pmm/derivates/3/001/293/804/0703562.jpg'],,"Rugged diecast construction,State-of-the-art powder coat finish provides maximum weatherability and scratch-resistance,Self-closing lids assure weatherproof protection when the receptacle is not in use,Padlockable, 1/4 in. diameter hole,May be mounted to box or device,Includes gasket and mounting hardware,Multi-lingual instructions in each package",For use whenever weatherproof protection is required for an outdoor receptacle.
https://www.fastenal.com/product/details/0745138,"4.50""Hx2.87""Wx0.035""D Stainless Steel 1Gang Single Wall Plate",BRYANT,HUBBELL,9.62,,9.62,0745138,SS723,39121704,Silver,Wall Plate,Stainless Steel,,,0.1,"4.50""","2.87""",1,each,No,"Electrical > Plugs, Receptacles and Connectors > Wall Plates",['https://img0.fastenal.com/infp360pmm/derivates/3/001/143/270/0745138.jpg'],"Hubbell offers a wide variety of configurations, sizes, and finishes in both metal and nylon wall plates for use in industrial, institutional, commercial, and residential applications. We offer finishes in nylon, aluminum, brass, brass plated, chrome, and stainless steel. We have totally redesigned and expanded our line of nylon wall plates featuring larger standard sized wall plates to give extra coverage to hide rough box opening, improved aesthetics, greater strength, impact resistance, along with excellent clean ability in all different types of environments.",Protective plastic film helps to prevent scratches and damageNon-magneticIdeal for highly corrosive environments,Industrial and commercial</br>applications; environments subjected to heavy abuse.
https://www.fastenal.com/product/details/0745098,"4.50""Hx4.56""Wx0.035""D Stainless Steel 2Gang Double Decorator/GFCI Wall Plate",BRYANT,HUBBELL,6.60,,6.60,0745098,SS262,39121704,Silver,Wall Plate,Stainless Steel,Rocker Plate,,0.1,"4.50""","4.56""",2,each,No,"Electrical > Plugs, Receptacles and Connectors > Wall Plates",['https://img3.fastenal.com/infp360pmm/derivates/3/001/125/0745098.jpg'],"Hubbell offers a wide variety of configurations, sizes, and finishes in both metal and nylon wall plates for use in industrial, institutional, commercial, and residential applications. We offer finishes in nylon, aluminum, brass, brass plated, chrome, and stainless steel. We have totally redesigned and expanded our line of nylon wall plates featuring larger standard sized wall plates to give extra coverage to hide rough box opening, improved aesthetics, greater strength, impact resistance, along with excellent clean ability in all different types of environments.","Finish is lacquer coated to inhibit oxidationMagnetic: 17.0% Chromium, Less than 0.5% NickelIdeal for highly corrosive environmentsEnvironments subjected to heavy abuse",Industrial and commercial</br>applications; environments subjected to heavy abuse.
https://www.fastenal.com/product/details/922570378,2 Gang Ivory Toggle Switch Wall Plate,BRYANT,HUBBELL,58.75,25,2.35,922570378,P2I,39121704,Ivory,Wall Plate,Polycarbonate,Toggle Switch,Industrial / Commercial / Residential,0.08,"4.63""","4.69""",2,each,No,"Electrical > Plugs, Receptacles and Connectors > Wall Plates",['https://img3.fastenal.com/infp360pmm/derivates/3/001/766/978/$v2/922570378_primary_eng.jpg'],"Hubbell's line of polycarbonate wallplates features larger standard sized wallplates to provide extra coverage to hide rough box opening, improved aesthetics, greater strength, impact resistance, along with easy to clean finish in all different types of environments.Hubbell's standard sized wallplates are ¹⁄8 inch larger to provide you that extra coverage to hide rough box openings. The depth is ¼ inch so that it will comfortably fit over the device even on imperfect installations or on retrofit work.","Blends into wall with an optimum finishSmooth satin finishSharp lines and less dimplingMore RigidHigh-impact, self-extinguishing polycarbonate material","Industrial, Commercial, Institutional, and Residential use;Protection against contact of live terminals and wiring. Provides finished look to installation."
https://www.fastenal.com/product/details/99403707,1 Gang 302/304 Stainless Steel 1-Blank Strap Mount Standard Wall Plate,BRYANT,HUBBELL,9.46,,9.46,99403707,SS14,39121704,,Wall Plate,Stainless Steel,Blank,,0.4,"4.50""","2.88""",1,each,No,"Electrical > Plugs, Receptacles and Connectors > Wall Plates",['https://img1.fastenal.com/infp360pmm/derivates/3/001/231/381/99403707.jpg'],Stainless Steel Wall Plates provide solutions for a variety of industrial and commercial applications; with environments subjected to heavy abuse,"The 302/304 type stainless steel wallplates are ideal for highly corrosive environments such as food processing, hospitals, static free requirements and more Non-magnetic: 18.0% Chromium, 8.0% Nickel","ideal for highly corrosive environments</br>such as food processing, hospitals, static</br>free requirements and more"
https://www.fastenal.com/product/details/0745461,20/30A Grey Thermoplastic 3/4/5Wire 1Gang Weatherproof Lift Plate,WIRING DEVICE-KELLEMS,HUBBELL,129.23,,129.23,0745461,WP2,39121704,Gray,Wall Plate,Thermoplastic,,Weatherproof,0.3,"4.58""","3.31""",1,each,No,"Electrical > Plugs, Receptacles and Connectors > Wall Plates",['https://img3.fastenal.com/infp360pmm/derivates/3/001/290/173/0745461.jpg'],"Weatherproof Lift Cover For Flanged Inlets and Flanged Receptacles, for 20 and 30A, 3-, 4- and 5-wire Insulgrip flanged inlets and flanged outlets","Weatherproof Plate for Flanged Inlets and Flanged ReceptaclesGray thermoplastic, corrosion resistant","Weatherproof Receptacle Cover For Wet, Damp, and Indoor Applications"
https://www.fastenal.com/product/details/0703552,Duplex RAYNTITE Single-Gang Device Cover,RACO,HUBBELL,608.40,24,25.35,0703552,5027-0,39121704,Gray,Wall Plate,Die Cast Aluminum,,,0.545,"4.50""","4.50""",1,each,No,"Electrical > Plugs, Receptacles and Connectors > Wall Plates",['https://img2.fastenal.com/infp360pmm/derivates/3/001/110/217/0703552.jpg'],,"Rugged diecast construction,State-of-the-art powder coat finish provides maximum weatherability and scratch-resistance,Self-closing lids assure weatherproof protection when the receptacle is not in use,Vertical mount covers padlockable,May be mounted to box or device,Includes gasket and mounting hardware,Multi-lingual instructions in each package",For use whenever weatherproof protection is required for an outdoor receptacle.
https://www.fastenal.com/product/details/0745549,430SS 1Gang Blank Box Mount Wall Plate,BRYANT,HUBBELL,37.70,10,3.77,0745549,SS13L,39121704,Silver,Wall Plate,Stainless Steel,Blank,,0.05,"4.50""","2.87""",1,each,No,"Electrical > Plugs, Receptacles and Connectors > Wall Plates",['https://img4.fastenal.com/infp360pmm/derivates/3/001/290/174/0745549.jpg'],"Hubbell offers a wide variety of configurations, sizes, and finishes in both metal and nylon wall plates for use in industrial, institutional, commercial, and residential applications. We offer finishes in nylon, aluminum, brass, brass plated, chrome, and stainless steel. We have totally redesigned and expanded our line of nylon wall plates featuring larger standard sized wall plates to give extra coverage to hide rough box opening, improved aesthetics, greater strength, impact resistance, along with excellent cleanability in all different types of environments.",Protective plastic film helps to prevent scratches and damageNon-magneticIdeal for highly corrosive environments,Stainless Steel Wall Plate For Industrial Applications
https://www.fastenal.com/product/details/0739848,White Nylon PolyTrak&reg; 1-Gang Duplex Wall Plate,WIRING DEVICE-KELLEMS,HUBBELL,59.20,10,5.92,0739848,KP8,39121704,White,Wall Plate,Nylon,Duplex Receptacle,,0.05,"4.38""","2.07""",1,each,No,"Electrical > Plugs, Receptacles and Connectors > Wall Plates",['https://img4.fastenal.com/infp360pmm/derivates/3/001/102/014/0739848.jpg'],"PolyTrak[REG] Non-Metallic Surface Raceway is a complete system with raceway, fittings, boxes and devices. Sizes range from single channel PremiseTrak[REG] to three channel Super BaseTrak[REG] for all types of surface raceway requirements. Single and two channel latching raceways are dual-rated for both power and data applications, reducing inventory requirements.",Works with all Hubbell electrical devicesModular system for easy configurationMatches raceway color,"For delivering power, voice and data communications along a wall surface in new or existing construction, laboratories, labs, educational and healthcare facilities, and any industrial or commercial environment."
https://www.fastenal.com/product/details/0728929,"4""Sq. 30A-60A Receptacle 2.625""Dia Steel Exposed Work Cover",RACO,HUBBELL,116.50,10,11.65,0728929,813C,39121704,Gray,Wall Plate,Metal,,,0.34,"4.00""","0.50""",,each,No,"Electrical > Plugs, Receptacles and Connectors > Wall Plates","['https://img2.fastenal.com/infp360pmm/derivates/3/001/297/632/0728929.jpg', 'https://img2.fastenal.com/infp360pmm/derivates/3/001/118/948/0728929_Product2_eng.jpg']",,,
https://www.fastenal.com/product/details/0728908,"4"" Square Combination 5/8"" Raised Device and Tile Cover",RACO,HUBBELL,53.50,25,2.14,0728908,8768,39121704,Gray,Wall Plate,Steel,,,0.254,"0.63""","4.00""",,each,No,"Electrical > Plugs, Receptacles and Connectors > Wall Plates",['https://img4.fastenal.com/infp360pmm/derivates/3/001/143/144/0728908.jpg'],,,
https://www.fastenal.com/product/details/922570418,Wallplate Mid-Size 1-Gang Toggle White,BRYANT,HUBBELL,35.00,25,1.40,922570418,PJ1W,39121704,White,Wall Plate,Polycarbonate,Toggle Switch,Industrial / Commercial / Residential,0.06,"4.94""","3.15""",1,each,No,"Electrical > Plugs, Receptacles and Connectors > Wall Plates",['https://img2.fastenal.com/infp360pmm/derivates/3/001/766/562/$v2/0778926_primary_eng.jpg'],"Hubbell's line of polycarbonate wallplates features larger standard sized wallplates to provide extra coverage to hide rough box opening, improved aesthetics, greater strength, impact resistance, along with easy to clean finish in all different types of environments.Hubbell's standard sized wallplates are ¹⁄8 inch larger to provide you that extra coverage to hide rough box openings. The depth is ¼ inch so that it will comfortably fit over the device even on imperfect installations or on retrofit work.","Captive screw feature on single-gang versions, hold screws in place for quick installationBlends into wall with an optimum finishSmooth satin finishSharp lines and less dimplingMore RigidHigh-impact, self-extinguishing polycarbonate material","Industrial, Commercial, Institutional, and Residential use;Protection against contact of live terminals and wiring. Provides finished look to installation."
https://www.fastenal.com/product/details/922570116,1 Gang Ivory Duplex Receptacle Wall Plate,BRYANT,HUBBELL,38.25,25,1.53,922570116,PJ8I,39121704,Ivory,Wall Plate,Polycarbonate,Duplex Receptacle,Industrial / Commercial / Residential,0.05,"4.94""","3.15""",1,each,No,"Electrical > Plugs, Receptacles and Connectors > Wall Plates",['https://img0.fastenal.com/infp360pmm/derivates/3/001/766/970/$v2/922570388_primary_eng.jpg'],"Hubbell's line of polycarbonate wallplates features larger standard sized wallplates to provide extra coverage to hide rough box opening, improved aesthetics, greater strength, impact resistance, along with easy to clean finish in all different types of environments.Hubbell's standard sized wallplates are ¹⁄8 inch larger to provide you that extra coverage to hide rough box openings. The depth is ¼ inch so that it will comfortably fit over the device even on imperfect installations or on retrofit work.","Captive screw feature on single-gang versions, hold screws in place for quick installationBlends into wall with an optimum finishSmooth satin finishSharp lines and less dimplingMore RigidHigh-impact, self-extinguishing polycarbonate material","Industrial, Commercial, Institutional, and Residential use;Protection against contact of live terminals and wiring. Provides finished look to installation."
https://www.fastenal.com/product/details/922570118,1 Gang Brown Duplex Receptacle Wall Plate,BRYANT,HUBBELL,24.30,25,0.97,922570118,P8,39121704,Brown,Wall Plate,Polycarbonate,Duplex Receptacle,Industrial / Commercial / Residential,0.04,"4.63""","2.88""",1,each,No,"Electrical > Plugs, Receptacles and Connectors > Wall Plates",['https://img0.fastenal.com/infp360pmm/derivates/3/001/766/990/$v2/922570118_primary_eng.jpg'],"Hubbell's line of polycarbonate wallplates features larger standard sized wallplates to provide extra coverage to hide rough box opening, improved aesthetics, greater strength, impact resistance, along with easy to clean finish in all different types of environments.Hubbell's standard sized wallplates are ¹⁄8 inch larger to provide you that extra coverage to hide rough box openings. The depth is ¼ inch so that it will comfortably fit over the device even on imperfect installations or on retrofit work.","Captive screw feature on single-gang versions, hold screws in place for quick installationBlends into wall with an optimum finishSmooth satin finishSharp lines and less dimplingMore RigidHigh-impact, self-extinguishing polycarbonate material","Industrial, Commercial, Institutional, and Residential use;Protection against contact of live terminals and wiring. Provides finished look to installation."
https://www.fastenal.com/product/details/0703574,"Gray 1-1/2"" Outlet Rectangular Cluster Cover",RACO,HUBBELL,195.40,20,9.77,0703574,5186-0,39121704,Gray,Wall Plate,Die Cast Steel,,,0.275,"4.63""","1.50""",,each,No,"Electrical > Plugs, Receptacles and Connectors > Wall Plates",['https://img4.fastenal.com/infp360pmm/derivates/3/001/252/599/0703574.jpg'],,"Rugged diecast construction,state-of-the-art powder coat finish provides maximum weatherability and scratch-resistance,Includes gasket and mounting hardware,Multi-lingual instructions in each package,Three hole covers supplied with two closure plugs",For use with BELL[REG] single gang or round weatherproof boxes. Cluster covers provide and easy means of mounting BELL[REG] lampholders and other accessories.
https://www.fastenal.com/product/details/0743891,Grey 1Gang Horizontal-Rectangular Opening Weatherproof Wall Plate Cover,BRYANT,HUBBELL,19.55,,19.55,0743891,RW51020,39121704,Gray,Wall Plate,Die Cast Zinc,,Weatherproof,0.4,"2.82""","4.56""",1,each,No,"Electrical > Plugs, Receptacles and Connectors > Wall Plates",['https://img1.fastenal.com/infp360pmm/derivates/3/001/143/266/0743891.jpg'],1-Gang Weatherproof Covers for Horizontal Mounting,"Zinc die cast, gray, GFCI, Surge and Style Line[REG] cover for device mounting. 2.82"" x 4.56"" x 0.52""",Covers are designed for use whenever weatherproof protection is required while an outlet is in use. This line includes one and two gang covers with standard and jumbo depths.
https://www.fastenal.com/product/details/922570167,Wallplate 1-Gang Box Mount Blank Black,BRYANT,HUBBELL,41.00,25,1.64,922570167,P13BK,39121704,Black,Wall Plate,Polycarbonate,Blank,Industrial / Commercial / Residential,0.04,"4.63""","2.88""",1,each,No,"Electrical > Plugs, Receptacles and Connectors > Wall Plates",['https://img1.fastenal.com/infp360pmm/derivates/3/001/767/071/$v2/922570167_primary_eng.jpg'],"Hubbell's line of polycarbonate wallplates features larger standard sized wallplates to provide extra coverage to hide rough box opening, improved aesthetics, greater strength, impact resistance, along with easy to clean finish in all different types of environments.Hubbell's standard sized wallplates are ¹⁄8 inch larger to provide you that extra coverage to hide rough box openings. The depth is ¼ inch so that it will comfortably fit over the device even on imperfect installations or on retrofit work.","Blends into wall with an optimum finishSmooth satin finishSharp lines and less dimplingMore RigidHigh-impact, self-extinguishing polycarbonate material","Industrial, Commercial, Institutional, and Residential use;Protection against contact of live terminals and wiring. Provides finished look to installation."
https://www.fastenal.com/product/details/922570109,Wallplate 1-Gang Strap Mount Blank Ivory,BRYANT,HUBBELL,149.00,25,5.96,922570109,P14I,39121704,Ivory,Wall Plate,Polycarbonate,Blank,Industrial / Commercial / Residential,0.06,"4.63""","2.88""",1,each,No,"Electrical > Plugs, Receptacles and Connectors > Wall Plates",['https://img4.fastenal.com/infp360pmm/derivates/3/001/766/994/$v2/922570109_primary_eng.jpg'],"Hubbell's line of polycarbonate wallplates features larger standard sized wallplates to provide extra coverage to hide rough box opening, improved aesthetics, greater strength, impact resistance, along with easy to clean finish in all different types of environments.Hubbell's standard sized wallplates are ¹⁄8 inch larger to provide you that extra coverage to hide rough box openings. The depth is ¼ inch so that it will comfortably fit over the device even on imperfect installations or on retrofit work.","Blends into wall with an optimum finishSmooth satin finishSharp lines and less dimplingMore RigidHigh-impact, self-extinguishing polycarbonate material","Industrial, Commercial, Institutional, and Residential use;Protection against contact of live terminals and wiring. Provides finished look to installation."
https://www.fastenal.com/product/details/922570224,Wallplate Toggle 1-Gang Brown,BRYANT,HUBBELL,27.75,25,1.11,922570224,P1,39121704,Brown,Wall Plate,Polycarbonate,Toggle Switch,Industrial / Commercial / Residential,0.05,"4.63""","2.88""",1,each,No,"Electrical > Plugs, Receptacles and Connectors > Wall Plates",['https://img3.fastenal.com/infp360pmm/derivates/3/001/767/063/$v2/922570224_primary_eng.jpg'],"Hubbell's line of polycarbonate wallplates features larger standard sized wallplates to provide extra coverage to hide rough box opening, improved aesthetics, greater strength, impact resistance, along with easy to clean finish in all different types of environments.Hubbell's standard sized wallplates are ¹⁄8 inch larger to provide you that extra coverage to hide rough box openings. The depth is ¼ inch so that it will comfortably fit over the device even on imperfect installations or on retrofit work.","Captive screw feature on single-gang versions, hold screws in place for quick installationBlends into wall with an optimum finishSmooth satin finishSharp lines and less dimplingMore RigidHigh-impact, self-extinguishing polycarbonate material","Industrial, Commercial, Institutional, and Residential use;Protection against contact of live terminals and wiring. Provides finished look to installation."
https://www.fastenal.com/product/details/0703578,"Gray 1-1/2"" Outlet Round Cluster Cover",RACO,HUBBELL,88.00,20,4.40,0703578,5193-0,39121704,Gray,Wall Plate,Die Cast Steel,,,0.323,"0.56""","1.50""",,each,No,"Electrical > Plugs, Receptacles and Connectors > Wall Plates",['https://img0.fastenal.com/infp360pmm/derivates/3/001/248/680/0703578.jpg'],,"Rugged diecast construction,state-of-the-art powder coat finish provides maximum weatherability and scratch-resistance,Includes gasket and mounting hardware,Multi-lingual instructions in each package,Three hole covers supplied with two closure plugs",For use with BELL[REG] single gang or round weatherproof boxes. Cluster covers provide and easy means of mounting BELL[REG] lampholders and other accessories.
https://www.fastenal.com/product/details/0700738,"4.69"" W Gray Steel Wall Plate",RACO,HUBBELL,188.75,25,7.55,0700738,837,39121704,Gray,Wall Plate,Steel,,,0.352,"0.50""","4.69""",,each,No,"Electrical > Plugs, Receptacles and Connectors > Wall Plates",['https://img3.fastenal.com/infp360pmm/derivates/3/001/349/033/0700738.jpg'],,,Raised device covers are used for mounting switches or receptacles.
https://www.fastenal.com/product/details/922570309,2 Gang Gray Duplex Receptacle Wall Plate,BRYANT,HUBBELL,64.00,25,2.56,922570309,P82GY,39121704,Gray,Wall Plate,Polycarbonate,Duplex Receptacle,Industrial / Commercial / Residential,0.08,"4.63""","4.69""",2,each,No,"Electrical > Plugs, Receptacles and Connectors > Wall Plates",['https://img4.fastenal.com/infp360pmm/derivates/3/001/766/859/$v2/922570309_primary_eng.jpg'],"Hubbell's line of polycarbonate wallplates features larger standard sized wallplates to provide extra coverage to hide rough box opening, improved aesthetics, greater strength, impact resistance, along with easy to clean finish in all different types of environments.Hubbell's standard sized wallplates are ¹⁄8 inch larger to provide you that extra coverage to hide rough box openings. The depth is ¼ inch so that it will comfortably fit over the device even on imperfect installations or on retrofit work.","Blends into wall with an optimum finishSmooth satin finishSharp lines and less dimplingMore RigidHigh-impact, self-extinguishing polycarbonate material","Industrial, Commercial, Institutional, and Residential use;Protection against contact of live terminals and wiring. Provides finished look to installation."
https://www.fastenal.com/product/details/0777613,"4.50""Hx2.87""Wx0.035""D Stainless Steel 1Gang Single Wall Plate",BRYANT,HUBBELL,14.09,,14.09,0777613,SS720,39121704,Silver,Wall Plate,Stainless Steel,,,0.1,"4.50""","2.87""",1,each,No,"Electrical > Plugs, Receptacles and Connectors > Wall Plates",['https://img1.fastenal.com/infp360pmm/derivates/3/001/249/081/0777613.jpg'],"Hubbell offers a wide variety of configurations, sizes, and finishes in both metal and nylon wall plates for use in industrial, institutional, commercial, and residential applications. We offer finishes in nylon, aluminum, brass, brass plated, chrome, and stainless steel. We have totally redesigned and expanded our line of nylon wall plates featuring larger standard sized wall plates to give extra coverage to hide rough box opening, improved aesthetics, greater strength, impact resistance, along with excellent clean ability in all different types of environments.","Used with Single Receptacles with Face Dia. 1.60"" (40.6)",Industrial and commercial</br>applications; environments subjected to heavy abuse.
https://www.fastenal.com/product/details/922570384,1 Gang Gray Duplex Receptacle Wall Plate,BRYANT,HUBBELL,23.92,25,0.96,922570384,P8GY,39121704,Gray,Wall Plate,Polycarbonate,Duplex Receptacle,Industrial / Commercial / Residential,0.04,"4.63""","2.88""",1,each,No,"Electrical > Plugs, Receptacles and Connectors > Wall Plates",['https://img4.fastenal.com/infp360pmm/derivates/3/001/766/974/$v2/922570384_primary_eng.jpg'],"Hubbell's line of polycarbonate wallplates features larger standard sized wallplates to provide extra coverage to hide rough box opening, improved aesthetics, greater strength, impact resistance, along with easy to clean finish in all different types of environments.Hubbell's standard sized wallplates are ¹⁄8 inch larger to provide you that extra coverage to hide rough box openings. The depth is 1/4 inch so that it will comfortably fit over the device even on imperfect installations or on retrofit work.","Captive screw feature on single-gang versions, hold screws in place for quick installationBlends into wall with an optimum finishSmooth satin finishSharp lines and less dimplingMore RigidHigh-impact, self-extinguishing polycarbonate material","Industrial, Commercial, Institutional, and Residential use;Protection against contact of live terminals and wiring. Provides finished look to installation."
https://www.fastenal.com/product/details/922570336,2 Gang Ivory Duplex Receptacle / Toggle Switch Wall Plate,BRYANT,HUBBELL,64.00,25,2.56,922570336,P18I,39121704,Ivory,Wall Plate,Polycarbonate,Duplex Receptacle / Toggle Switch,Industrial / Commercial / Residential,0.08,"4.63""","4.69""",2,each,No,"Electrical > Plugs, Receptacles and Connectors > Wall Plates",['https://img0.fastenal.com/infp360pmm/derivates/3/001/766/875/$v2/922570336_primary_eng.jpg'],"Hubbell's line of polycarbonate wallplates features larger standard sized wallplates to provide extra coverage to hide rough box opening, improved aesthetics, greater strength, impact resistance, along with easy to clean finish in all different types of environments.Hubbell's standard sized wallplates are ¹⁄8 inch larger to provide you that extra coverage to hide rough box openings. The depth is ¼ inch so that it will comfortably fit over the device even on imperfect installations or on retrofit work.","Blends into wall with an optimum finishSmooth satin finishSharp lines and less dimplingMore RigidHigh-impact, self-extinguishing polycarbonate material","Industrial, Commercial, Institutional, and Residential use;Protection against contact of live terminals and wiring. Provides finished look to installation."
https://www.fastenal.com/product/details/922570102,2 Gang White Blank Wall Plate,BRYANT,HUBBELL,168.50,25,6.74,922570102,PJ23W,39121704,White,Wall Plate,Polycarbonate,Blank,Industrial / Commercial / Residential,0.09,"4.94""","5.00""",2,each,No,"Electrical > Plugs, Receptacles and Connectors > Wall Plates",['https://img0.fastenal.com/infp360pmm/derivates/3/001/767/085/$v2/922570186_primary_eng.jpg'],"Hubbell's line of polycarbonate wallplates features larger standard sized wallplates to provide extra coverage to hide rough box opening, improved aesthetics, greater strength, impact resistance, along with easy to clean finish in all different types of environments.Hubbell's standard sized wallplates are ¹⁄8 inch larger to provide you that extra coverage to hide rough box openings. The depth is ¼ inch so that it will comfortably fit over the device even on imperfect installations or on retrofit work.","Blends into wall with an optimum finishSmooth satin finishSharp lines and less dimplingMore RigidHigh-impact, self-extinguishing polycarbonate material","Industrial, Commercial, Institutional, and Residential use;Protection against contact of live terminals and wiring. Provides finished look to installation."
https://www.fastenal.com/product/details/0737478,Blank Gray Non-Metallic Portable Outlet Box Cover Plate,WIRING DEVICE-KELLEMS,HUBBELL,16.05,,16.05,0737478,HBLP14FS,39121704,Yellow,Wall Plate,Valox&reg;,,Heavy Duty,0.1,"4.82""","3.18""",2,each,No,"Electrical > Plugs, Receptacles and Connectors > Wall Plates",['https://img4.fastenal.com/infp360pmm/derivates/3/001/102/009/0737478.jpg'],"Portable outlet box and FS device cover plates designed to provide a rugged enclosure for a variety of wiring devices. Their nonmetallic construction is impact resistant, nonconductive, and corrosion resistant. The deep back-to-back design of the box accommodates devices which other outlet boxes cannot. These high visibility yellow boxes are offered in two versions: the box with two duplex cover plates; and the box with one blank cover plate. All boxes are field wired. Devices and power cord are not included. The box includes a liquid tight Kellems[REG] design cord connector and three bushings for various cord diameters.",Suitable for use with any FS/FD style surface mount boxMade of impact-resistant PBT,
https://www.fastenal.com/product/details/922570305,Wallplate 2-Gang 2) Decorator Ivory,BRYANT,HUBBELL,154.50,25,6.18,922570305,P262I,39121704,Ivory,Wall Plate,Polycarbonate,,Industrial / Commercial / Residential,0.08,"4.63""","4.69""",2,each,No,"Electrical > Plugs, Receptacles and Connectors > Wall Plates",['https://img2.fastenal.com/infp360pmm/derivates/3/001/766/862/$v2/922570305_primary_eng.jpg'],"Hubbell's line of polycarbonate wallplates features larger standard sized wallplates to provide extra coverage to hide rough box opening, improved aesthetics, greater strength, impact resistance, along with easy to clean finish in all different types of environments.Hubbell's standard sized wallplates are ¹⁄8 inch larger to provide you that extra coverage to hide rough box openings. The depth is ¼ inch so that it will comfortably fit over the device even on imperfect installations or on retrofit work.","Blends into wall with an optimum finishSmooth satin finishSharp lines and less dimplingMore RigidHigh-impact, self-extinguishing polycarbonate material","Industrial, Commercial, Institutional, and Residential use;Protection against contact of live terminals and wiring. Provides finished look to installation."
https://www.fastenal.com/product/details/922570316,3 Gang White Toggle Switch Wall Plate,BRYANT,HUBBELL,34.60,10,3.46,922570316,P3W,39121704,White,Wall Plate,Polycarbonate,Toggle Switch,Industrial / Commercial / Residential,0.11,"4.63""","6.50""",3,each,No,"Electrical > Plugs, Receptacles and Connectors > Wall Plates",['https://img4.fastenal.com/infp360pmm/derivates/3/001/766/884/$v2/922570316_primary_eng.jpg'],"Hubbell's line of polycarbonate wallplates features larger standard sized wallplates to provide extra coverage to hide rough box opening, improved aesthetics, greater strength, impact resistance, along with easy to clean finish in all different types of environments.Hubbell's standard sized wallplates are ¹⁄8 inch larger to provide you that extra coverage to hide rough box openings. The depth is ¼ inch so that it will comfortably fit over the device even on imperfect installations or on retrofit work.","Blends into wall with an optimum finishSmooth satin finishSharp lines and less dimplingMore RigidHigh-impact, self-extinguishing polycarbonate material","Industrial, Commercial, Institutional, and Residential use;Protection against contact of live terminals and wiring. Provides finished look to installation."
https://www.fastenal.com/product/details/0722454,1 Gang Lock in ON or OFF Position Square Toggle w/ Gasket,KILLARK,HUBBELL,545.05,5,109.01,0722454,FZ8647,39121704,Silver,Wall Plate,Aluminum,Toggle Switch,,0.47,,"2.89""",,each,No,"Electrical > Plugs, Receptacles and Connectors > Wall Plates",['https://img0.fastenal.com/infp360pmm/derivates/3/001/209/655/0722454.jpg'],,,
https://www.fastenal.com/product/details/922570223,1 Gang Red Duplex Receptacle Wall Plate,BRYANT,HUBBELL,23.92,25,0.96,922570223,P8R,39121704,Red,Wall Plate,Polycarbonate,Duplex Receptacle,Industrial / Commercial / Residential,0.04,"4.63""","2.88""",1,each,No,"Electrical > Plugs, Receptacles and Connectors > Wall Plates",['https://img4.fastenal.com/infp360pmm/derivates/3/001/767/064/$v2/922570223_primary_eng.jpg'],"Hubbell's line of polycarbonate wallplates features larger standard sized wallplates to provide extra coverage to hide rough box opening, improved aesthetics, greater strength, impact resistance, along with easy to clean finish in all different types of environments.Hubbell's standard sized wallplates are ¹⁄8 inch larger to provide you that extra coverage to hide rough box openings. The depth is ¼ inch so that it will comfortably fit over the device even on imperfect installations or on retrofit work.","Captive screw feature on single-gang versions, hold screws in place for quick installationBlends into wall with an optimum finishSmooth satin finishSharp lines and less dimplingMore RigidHigh-impact, self-extinguishing polycarbonate material","Industrial, Commercial, Institutional, and Residential use;Protection against contact of live terminals and wiring. Provides finished look to installation."
https://www.fastenal.com/product/details/0700712,"4.00"" W Gray Steel Wall Plate",RACO,HUBBELL,101.25,25,4.05,0700712,774,39121704,Gray,Wall Plate,Steel,,,0.336,"1.00""","4.00""",,each,No,"Electrical > Plugs, Receptacles and Connectors > Wall Plates",['https://img1.fastenal.com/infp360pmm/derivates/3/001/310/306/0700712.jpg'],Applications Covers are used to close an outlet box. Raised device covers are used for mounting switches or receptacles. Covers are available for mounting one or two devices. Some RACO covers may serve as fixture support for fixtures up to 50 lbs,,
https://www.fastenal.com/product/details/922570193,2 Gang Black Duplex Receptacle Wall Plate,BRYANT,HUBBELL,52.50,25,2.10,922570193,P82BK,39121704,Black,Wall Plate,Polycarbonate,Duplex Receptacle,Industrial / Commercial / Residential,0.08,"4.63""","4.69""",2,each,No,"Electrical > Plugs, Receptacles and Connectors > Wall Plates",['https://img3.fastenal.com/infp360pmm/derivates/3/001/767/068/$v2/922570193_primary_eng.jpg'],"Hubbell's line of polycarbonate wallplates features larger standard sized wallplates to provide extra coverage to hide rough box opening, improved aesthetics, greater strength, impact resistance, along with easy to clean finish in all different types of environments.Hubbell's standard sized wallplates are ¹⁄8 inch larger to provide you that extra coverage to hide rough box openings. The depth is ¼ inch so that it will comfortably fit over the device even on imperfect installations or on retrofit work.","Blends into wall with an optimum finishSmooth satin finishSharp lines and less dimplingMore RigidHigh-impact, self-extinguishing polycarbonate material","Industrial, Commercial, Institutional, and Residential use;Protection against contact of live terminals and wiring. Provides finished look to installation."
https://www.fastenal.com/product/details/922570086,2 Gang White Duplex Receptacle / Toggle Switch Wall Plate,BRYANT,HUBBELL,64.00,25,2.56,922570086,P18W,39121704,White,Wall Plate,Polycarbonate,Duplex Receptacle / Toggle Switch,Industrial / Commercial / Residential,0.08,"4.63""","4.69""",2,each,No,"Electrical > Plugs, Receptacles and Connectors > Wall Plates",['https://img4.fastenal.com/infp360pmm/derivates/3/001/767/034/$v2/922570086_primary_eng.jpg'],"Hubbell's line of polycarbonate wallplates features larger standard sized wallplates to provide extra coverage to hide rough box opening, improved aesthetics, greater strength, impact resistance, along with easy to clean finish in all different types of environments.Hubbell's standard sized wallplates are ¹⁄8 inch larger to provide you that extra coverage to hide rough box openings. The depth is ¼ inch so that it will comfortably fit over the device even on imperfect installations or on retrofit work.","Blends into wall with an optimum finishSmooth satin finishSharp lines and less dimplingMore RigidHigh-impact, self-extinguishing polycarbonate material","Industrial, Commercial, Institutional, and Residential use;Protection against contact of live terminals and wiring. Provides finished look to installation."
https://www.fastenal.com/product/details/0777609,"4.50""Hx4.56""Wx0.035""D Stainless Steel 2Gang Double Toggle Wall Plate",BRYANT,HUBBELL,12.33,,12.33,0777609,SS2,39121704,Silver,Wall Plate,Stainless Steel,,,0.01,"4.50""","4.56""",2,each,No,"Electrical > Plugs, Receptacles and Connectors > Wall Plates",['https://img1.fastenal.com/infp360pmm/derivates/3/001/348/756/0777609.jpg'],"Hubbell offers a wide variety of configurations, sizes, and finishes in both metal and nylon wall plates for use in industrial, institutional, commercial, and residential applications. We offer finishes in nylon, aluminum, brass, brass plated, chrome, and stainless steel. We have totally redesigned and expanded our line of nylon wall plates featuring larger standard sized wall plates to give extra coverage to hide rough box opening, improved aesthetics, greater strength, impact resistance, along with excellent clean ability in all different types of environments.",Protective plastic film helps to prevent scratches and damageNon-MagneticIdeal for highly corrosive environments,Industrial and commercial</br>applications; environments subjected to heavy abuse.
https://www.fastenal.com/product/details/922570360,Wallplate 1-Gang Box Mount Blank Gray,BRYANT,HUBBELL,37.75,25,1.51,922570360,P13GY,39121704,Gray,Wall Plate,Polycarbonate,Blank,Industrial / Commercial / Residential,0.05,"4.63""","2.88""",1,each,No,"Electrical > Plugs, Receptacles and Connectors > Wall Plates",['https://img3.fastenal.com/infp360pmm/derivates/3/001/766/958/$v2/922570360_primary_eng.jpg'],"Hubbell's line of polycarbonate wallplates features larger standard sized wallplates to provide extra coverage to hide rough box opening, improved aesthetics, greater strength, impact resistance, along with easy to clean finish in all different types of environments.Hubbell's standard sized wallplates are ¹⁄8 inch larger to provide you that extra coverage to hide rough box openings. The depth is ¼ inch so that it will comfortably fit over the device even on imperfect installations or on retrofit work.","Blends into wall with an optimum finishSmooth satin finishSharp lines and less dimplingMore RigidHigh-impact, self-extinguishing polycarbonate material","Industrial, Commercial, Institutional, and Residential use;Protection against contact of live terminals and wiring. Provides finished look to installation."
https://www.fastenal.com/product/details/922570157,Wallplate 2-Gang 2 Strap Mount Blank Ivory,BRYANT,HUBBELL,304.75,25,12.19,922570157,P24I,39121704,Ivory,Wall Plate,Polycarbonate,Blank,Industrial / Commercial / Residential,0.08,"4.63""","4.69""",2,each,No,"Electrical > Plugs, Receptacles and Connectors > Wall Plates",['https://img3.fastenal.com/infp360pmm/derivates/3/001/767/078/$v2/922570157_primary_eng.jpg'],"Hubbell's line of polycarbonate wallplates features larger standard sized wallplates to provide extra coverage to hide rough box opening, improved aesthetics, greater strength, impact resistance, along with easy to clean finish in all different types of environments.Hubbell's standard sized wallplates are ¹⁄8 inch larger to provide you that extra coverage to hide rough box openings. The depth is ¼ inch so that it will comfortably fit over the device even on imperfect installations or on retrofit work.","Blends into wall with an optimum finishSmooth satin finishSharp lines and less dimplingMore RigidHigh-impact, self-extinguishing polycarbonate material","Industrial, Commercial, Institutional, and Residential use;Protection against contact of live terminals and wiring. Provides finished look to installation."
https://www.fastenal.com/product/details/0703566,"2.81"" W Gray Steel Wall Plate",RACO,HUBBELL,311.52,24,12.98,0703566,5152-0,39121704,Gray,Wall Plate,Steel,,,0.28,"2.75""","2.81""",1,each,No,"Electrical > Plugs, Receptacles and Connectors > Wall Plates",['https://img1.fastenal.com/infp360pmm/derivates/3/001/289/931/0703566.jpg'],,"Rugged diecast construction,State-of-the-art powder coat finish provides maximum weatherability and scratch-resistance,Self-closing lids assure weatherproof protection when the receptacle is not in use,Includes gasket and mounting hardware,Multi-lingual instructions in each package",For use whenever weatherproof protection is required for an outdoor receptacle.
https://www.fastenal.com/product/details/0777608,2 Gang Silver Duplex Receptacle / Toggle Switch Wall Plate,BRYANT,HUBBELL,18.45,,18.45,0777608,SS18,39121704,Silver,Wall Plate,Stainless Steel,Duplex Receptacle / Toggle Switch,,0.1,"4.50""","4.60""",2,each,No,"Electrical > Plugs, Receptacles and Connectors > Wall Plates",['https://img3.fastenal.com/infp360pmm/derivates/3/001/109/968/0777608.jpg'],"Hubbell offers a wide variety of configurations, sizes, and finishes in both metal and nylon wall plates for use in industrial, institutional, commercial, and residential applications. We offer finishes in nylon, aluminum, brass, brass plated, chrome, and stainless steel. We have totally redesigned and expanded our line of nylon wall plates featuring larger standard sized wall plates to give extra coverage to hide rough box opening, improved aesthetics, greater strength, impact resistance, along with excellent clean ability in all different types of environments.",Protective plastic film helps to prevent scratches and damageFinish is lacquer coated to inhibit oxidationNon-magnetic and corrosion resistant,Industrial and commercial</br>applications; environments subjected to heavy abuse.
https://www.fastenal.com/product/details/0779004,Stainless 1 Toggle Switch Stainless Steel Wall Plate,BRYANT,HUBBELL,58.20,10,5.82,0779004,SS2L,39121704,Gray,Wall Plate,Stainless Steel,Toggle Switch,Industrial / Commercial,0.25,"4.50""","4.60""",2,each,No,"Electrical > Plugs, Receptacles and Connectors > Wall Plates",['https://img4.fastenal.com/infp360pmm/derivates/3/001/209/949/0779004.jpg'],"Hubbell offers a wide variety of configurations, sizes, and finishes in both metal and nylon wall plates for use in industrial, institutional, commercial, and residential applications. We offer finishes in nylon, aluminum, brass, brass plated, chrome, and stainless steel. We have totally redesigned and expanded our line of nylon wall plates featuring larger standard sized wall plates to give extra coverage to hide rough box opening, improved aesthetics, greater strength, impact resistance, along with excellent cleanability in all different types of environments.",Protective plastic film helps to prevent scratches and damageNon-MagneticIdeal for highly corrosive environments,
https://www.fastenal.com/product/details/0731987,1 Gang Stainless Duplex Opening Wall plate,WIRING DEVICE-KELLEMS,HUBBELL,11.99,,11.99,0731987,97101,39121704,Gray,Wall Plate,Stainless Steel,,,0.1,"4.50""","2.87""",1,each,No,"Electrical > Plugs, Receptacles and Connectors > Wall Plates",['https://img1.fastenal.com/infp360pmm/derivates/3/001/101/941/0731987.jpg'],"Duplex and Single Receptacle Wallplate, S/S Beveled",,
https://www.fastenal.com/product/details/0703928,BRY-Silver 1Toggle 1Duplex SS Wall Plate,BRYANT,HUBBELL,144.80,20,7.24,0703928,SS18,39121704,Silver,Wall Plate,Stainless Steel,Duplex Receptacle / Toggle Switch,,0.175,"4.50""","4.56""",2,each,No,"Electrical > Plugs, Receptacles and Connectors > Wall Plates",['https://img1.fastenal.com/infp360pmm/derivates/3/001/482/0703928.jpg'],Bryant's Stainless Steel Wall Plates provide solutions for a variety of industrial and commercial applications.,"Environments subjected to heavy abuse,The 302/304 type stainless steel wall plates are ideal for highly corrosive environments such as food processing, hospitals, static free requirements and more,Non-magnetic: 18.0% Chromium, 8.0% Nickel","Industrial, Commercial, and Institutional use"
https://www.fastenal.com/product/details/0722433,1 Duplex 1 Gang Receptacle w/o Coating,KILLARK,HUBBELL,113.90,10,11.39,0722433,1FA,39121704,Silver,Wall Plate,Aluminum,Duplex Receptacle,,0.1,,"2.89""",1,each,No,"Electrical > Plugs, Receptacles and Connectors > Wall Plates",['https://img3.fastenal.com/infp360pmm/derivates/3/001/109/693/0722433.jpg'],,,
https://www.fastenal.com/product/details/922570352,Wallplate Mid-Size 1-Gang Toggle Ivory,BRYANT,HUBBELL,38.25,25,1.53,922570352,PJ1I,39121704,Ivory,Wall Plate,Polycarbonate,Toggle Switch,Industrial / Commercial / Residential,0.06,"4.94""","3.15""",1,each,No,"Electrical > Plugs, Receptacles and Connectors > Wall Plates",['https://img1.fastenal.com/infp360pmm/derivates/3/001/766/911/$v2/922570279_primary_eng.jpg'],"Hubbell's line of polycarbonate wallplates features larger standard sized wallplates to provide extra coverage to hide rough box opening, improved aesthetics, greater strength, impact resistance, along with easy to clean finish in all different types of environments.Hubbell's standard sized wallplates are ¹⁄8 inch larger to provide you that extra coverage to hide rough box openings. The depth is ¼ inch so that it will comfortably fit over the device even on imperfect installations or on retrofit work.","Captive screw feature on single-gang versions, hold screws in place for quick installationBlends into wall with an optimum finishSmooth satin finishSharp lines and less dimplingMore RigidHigh-impact, self-extinguishing polycarbonate material","Industrial, Commercial, Institutional, and Residential use;Protection against contact of live terminals and wiring. Provides finished look to installation."
https://www.fastenal.com/product/details/922570124,3 Gang Ivory Toggle Switch Wall Plate,BRYANT,HUBBELL,38.70,10,3.87,922570124,P3I,39121704,Ivory,Wall Plate,Polycarbonate,Toggle Switch,Industrial / Commercial / Residential,0.11,"4.63""","6.50""",3,each,No,"Electrical > Plugs, Receptacles and Connectors > Wall Plates",['https://img3.fastenal.com/infp360pmm/derivates/3/001/766/988/$v2/922570124_primary_eng.jpg'],"Hubbell's line of polycarbonate wallplates features larger standard sized wallplates to provide extra coverage to hide rough box opening, improved aesthetics, greater strength, impact resistance, along with easy to clean finish in all different types of environments.Hubbell's standard sized wallplates are ¹⁄8 inch larger to provide you that extra coverage to hide rough box openings. The depth is ¼ inch so that it will comfortably fit over the device even on imperfect installations or on retrofit work.","Blends into wall with an optimum finishSmooth satin finishSharp lines and less dimplingMore RigidHigh-impact, self-extinguishing polycarbonate material","Industrial, Commercial, Institutional, and Residential use;Protection against contact of live terminals and wiring. Provides finished look to installation."
https://www.fastenal.com/product/details/922570132,Wallplate 3-Gang 3) Decorator White,BRYANT,HUBBELL,148.10,10,14.81,922570132,P263W,39121704,White,Wall Plate,Polycarbonate,,Industrial / Commercial / Residential,0.1,"4.63""","6.50""",3,each,No,"Electrical > Plugs, Receptacles and Connectors > Wall Plates",['https://img0.fastenal.com/infp360pmm/derivates/3/001/767/010/$v2/922570132_primary_eng.jpg'],"Hubbell's line of polycarbonate wallplates features larger standard sized wallplates to provide extra coverage to hide rough box opening, improved aesthetics, greater strength, impact resistance, along with easy to clean finish in all different types of environments.Hubbell's standard sized wallplates are ¹⁄8 inch larger to provide you that extra coverage to hide rough box openings. The depth is ¼ inch so that it will comfortably fit over the device even on imperfect installations or on retrofit work.","Blends into wall with an optimum finishSmooth satin finishSharp lines and less dimplingMore RigidHigh-impact, self-extinguishing polycarbonate material","Industrial, Commercial, Institutional, and Residential use;Protection against contact of live terminals and wiring. Provides finished look to installation."
https://www.fastenal.com/product/details/922570367,2 Gang Ivory Blank Wall Plate,BRYANT,HUBBELL,125.00,25,5.00,922570367,P138I,39121704,Ivory,Wall Plate,Polycarbonate,Blank,Industrial / Commercial / Residential,0.08,"4.63""","4.69""",2,each,No,"Electrical > Plugs, Receptacles and Connectors > Wall Plates",['https://img4.fastenal.com/infp360pmm/derivates/3/001/766/954/$v2/922570367_primary_eng.jpg'],"Hubbell's line of polycarbonate wallplates features larger standard sized wallplates to provide extra coverage to hide rough box opening, improved aesthetics, greater strength, impact resistance, along with easy to clean finish in all different types of environments.Hubbell's standard sized wallplates are ¹⁄8 inch larger to provide you that extra coverage to hide rough box openings. The depth is 1/4 inch so that it will comfortably fit over the device even on imperfect installations or on retrofit work.","Blends into wall with an optimum finishSmooth satin finishSharp lines and less dimplingMore RigidHigh-impact, self-extinguishing polycarbonate material","Industrial, Commercial, Institutional, and Residential use;Protection against contact of live terminals and wiring. Provides finished look to installation."
https://www.fastenal.com/product/details/922570345,Wallplate 2-Gang 1) Toggle 1) Blank Ivory,BRYANT,HUBBELL,70.50,25,2.82,922570345,P113I,39121704,Ivory,Wall Plate,Polycarbonate,,Industrial / Commercial / Residential,0.08,"4.63""","4.69""",2,each,No,"Electrical > Plugs, Receptacles and Connectors > Wall Plates",['https://img1.fastenal.com/infp360pmm/derivates/3/001/766/966/$v2/922570345_primary_eng.jpg'],"Hubbell's line of polycarbonate wallplates features larger standard sized wallplates to provide extra coverage to hide rough box opening, improved aesthetics, greater strength, impact resistance, along with easy to clean finish in all different types of environments.Hubbell's standard sized wallplates are ¹⁄8 inch larger to provide you that extra coverage to hide rough box openings. The depth is ¼ inch so that it will comfortably fit over the device even on imperfect installations or on retrofit work.","Blends into wall with an optimum finishSmooth satin finishSharp lines and less dimplingMore RigidHigh-impact, self-extinguishing polycarbonate material","Industrial, Commercial, Institutional, and Residential use;Protection against contact of live terminals and wiring. Provides finished look to installation."
https://www.fastenal.com/product/details/922570174,1 Gang Black Duplex Receptacle Wall Plate,BRYANT,HUBBELL,23.92,25,0.96,922570174,P8BK,39121704,Black,Wall Plate,Polycarbonate,Duplex Receptacle,Industrial / Commercial / Residential,0.04,"4.63""","2.88""",1,each,No,"Electrical > Plugs, Receptacles and Connectors > Wall Plates",['https://img0.fastenal.com/infp360pmm/derivates/3/001/767/095/$v2/922570174_primary_eng.jpg'],"Hubbell's line of polycarbonate wallplates features larger standard sized wallplates to provide extra coverage to hide rough box opening, improved aesthetics, greater strength, impact resistance, along with easy to clean finish in all different types of environments.Hubbell's standard sized wallplates are ¹⁄8 inch larger to provide you that extra coverage to hide rough box openings. The depth is ¼ inch so that it will comfortably fit over the device even on imperfect installations or on retrofit work.","Captive screw feature on single-gang versions, hold screws in place for quick installationBlends into wall with an optimum finishSmooth satin finishSharp lines and less dimplingMore RigidHigh-impact, self-extinguishing polycarbonate material","Industrial, Commercial, Institutional, and Residential use;Protection against contact of live terminals and wiring. Provides finished look to installation."
https://www.fastenal.com/product/details/0700709,"4.00"" W Gray Steel Wall Plate",RACO,HUBBELL,104.75,25,4.19,0700709,8771,39121704,Gray,Wall Plate,Steel,,,0.178,"0.25""","4.00""",,each,No,"Electrical > Plugs, Receptacles and Connectors > Wall Plates",['https://img4.fastenal.com/infp360pmm/derivates/3/001/194/604/0700709.jpg'],,Angled mounting slots compensate up to 12&deg;For box misalignment,Raised device covers are used for mounting switches or receptacles. Low voltage partitions may be added to conduit-type boxes to divide power from voice/data.
https://www.fastenal.com/product/details/922570112,"Wallplate 1-Gang 1.60"" Opening Gray",BRYANT,HUBBELL,87.50,25,3.50,922570112,P720GY,39121704,Gray,Wall Plate,Polycarbonate,,Industrial / Commercial / Residential,0.04,"4.63""","2.88""",1,each,No,"Electrical > Plugs, Receptacles and Connectors > Wall Plates",['https://img2.fastenal.com/infp360pmm/derivates/3/001/766/992/$v2/922570112_primary_eng.jpg'],"Hubbell's line of polycarbonate wallplates features larger standard sized wallplates to provide extra coverage to hide rough box opening, improved aesthetics, greater strength, impact resistance, along with easy to clean finish in all different types of environments.Hubbell's standard sized wallplates are ¹⁄8 inch larger to provide you that extra coverage to hide rough box openings. The depth is 1/4 inch so that it will comfortably fit over the device even on imperfect installations or on retrofit work.","Blends into wall with an optimum finishSmooth satin finishSharp lines and less dimplingMore RigidHigh-impact, self-extinguishing polycarbonate material","Industrial, Commercial, Institutional, and Residential use;Protection against contact of live terminals and wiring. Provides finished look to installation."
https://www.fastenal.com/product/details/0739839,White Nylon PolyTrak&reg; 2-Gang Style Line&reg; Decorator Wall Plate,WIRING DEVICE-KELLEMS,HUBBELL,62.50,10,6.25,0739839,KP262,39121704,White,Wall Plate,Nylon,,,0.05,"4.38""","3.88""",2,each,No,"Electrical > Plugs, Receptacles and Connectors > Wall Plates",['https://img2.fastenal.com/infp360pmm/derivates/3/001/298/197/0739839.jpg'],"PolyTrak[REG] Non-Metallic Surface Raceway is a complete system with raceway, fittings, boxes and devices. Sizes range from single channel PremiseTrak[REG] to three channel Super BaseTrak[REG] for all types of surface raceway requirements. Single and two channel latching raceways are dual-rated for both power and data applications, reducing inventory requirements.",Works with all Hubbell electrical devicesModular system for easy configurationMatches raceway color,"For delivering power, voice and data communications along a wall surface in new or existing construction, laboratories, labs, educational and healthcare facilities, and any industrial or commercial environment."
https://www.fastenal.com/product/details/922570428,Wallplate Toggle 1-Gang Gray,BRYANT,HUBBELL,34.50,25,1.38,922570428,P1GY,39121704,Gray,Wall Plate,Polycarbonate,Toggle Switch,Industrial / Commercial / Residential,0.05,"4.63""","2.88""",1,each,No,"Electrical > Plugs, Receptacles and Connectors > Wall Plates",['https://img0.fastenal.com/infp360pmm/derivates/3/001/766/950/$v2/922570428_primary_eng.jpg'],"Hubbell's line of polycarbonate wallplates features larger standard sized wallplates to provide extra coverage to hide rough box opening, improved aesthetics, greater strength, impact resistance, along with easy to clean finish in all different types of environments.Hubbell's standard sized wallplates are ¹⁄8 inch larger to provide you that extra coverage to hide rough box openings. The depth is 1/4 inch so that it will comfortably fit over the device even on imperfect installations or on retrofit work.","Captive screw feature on single-gang versions, hold screws in place for quick installationBlends into wall with an optimum finishSmooth satin finishSharp lines and less dimplingMore RigidHigh-impact, self-extinguishing polycarbonate material","Industrial, Commercial, Institutional, and Residential use;Protection against contact of live terminals and wiring. Provides finished look to installation."
